"Model","MeanDeviance","pD","DIC"
"Model 1 (2 predictors)",0.745366152661745,0.000186144291359643,0.745552296953104
"Model 2 (5 predictors)",0.71220945819521,0.000323010406308555,0.712532468601519
